type,tick,vehicle_id,total_distance,total_time,stops_made,average_speed,current_speed,is_dwelling,dwell_time_remaining,position_lon,position_lat,gap_m,vehicle_a,vehicle_b,active_vehicles,avg_tick_time_ms,total_stops
vehicle,1,V0,1e-05,29.559096704220718,0.0,0.0,1e-05,False,0.0,-84.0522203,9.935511296,,,,,,
vehicle,1,V1,1e-05,29.270963996684806,0.0,0.0,1e-05,False,0.0,-84.05223246,9.935512403,,,,,,
vehicle,1,V2,1e-05,29.886841384323375,0.0,0.0,1e-05,False,0.0,-84.0491115,9.93554616,,,,,,
gap,1,,,,,,,,,,,1.359414048001615,V0,V1,,,
gap,1,,,,,,,,,,,347.4446235903004,V1,V2,,,
system,1,,,,,,,,,,,,,,3.0,0.0,0.0
vehicle,2,V0,7.000000000000001e-05,69.57893395520935,0.0,0.0,2e-05,False,0.0,-84.0522203,9.935511296,,,,,,
vehicle,2,V1,7.000000000000001e-05,60.99508115885594,0.0,0.0,2e-05,False,0.0,-84.05223246,9.935512403,,,,,,
vehicle,2,V2,7.000000000000001e-05,47.9133072409138,0.0,0.0,2e-05,False,0.0,-84.0491115,9.93554616,,,,,,
gap,2,,,,,,,,,,,1.359414048001615,V0,V1,,,
gap,2,,,,,,,,,,,347.4446235903004,V1,V2,,,
system,2,,,,,,,,,,,,,,3.0,0.0,0.0
vehicle,3,V0,0.00010000000000000002,103.9021173958865,0.0,0.0,3.0000000000000004e-05,False,0.0,-84.0522203,9.935511296,,,,,,
vehicle,3,V1,0.00010000000000000002,89.32170637388425,0.0,0.0,3.0000000000000004e-05,False,0.0,-84.05223246,9.935512403,,,,,,
vehicle,3,V2,0.00010000000000000002,76.74372039946185,0.0,0.0,3.0000000000000004e-05,False,0.0,-84.0491115,9.93554616,,,,,,
gap,3,,,,,,,,,,,1.359414048001615,V0,V1,,,
gap,3,,,,,,,,,,,347.4446235903004,V1,V2,,,
system,3,,,,,,,,,,,,,,3.0,0.0,0.0
vehicle,4,V0,0.00026000000000000003,139.06096526289505,0.0,0.0,4e-05,False,0.0,-84.05233471,9.935547228,,,,,,
vehicle,4,V1,0.00026000000000000003,125.64468374295146,0.0,0.0,4e-05,False,0.0,-84.05233542,9.935543179,,,,,,
vehicle,4,V2,0.00026000000000000003,122.37930726545328,0.0,0.0,4e-05,False,0.0,-84.04923244,9.935572539,,,,,,
gap,4,,,,,,,,,,,0.46437095934129835,V0,V1,,,
gap,4,,,,,,,,,,,345.4380899231595,V1,V2,,,
system,4,,,,,,,,,,,,,,3.0,0.0,0.0
vehicle,5,V0,0.00041000000000000005,178.62733033088173,0.0,0.0,5e-05,False,0.0,-84.05242661,9.935656657,,,,,,
vehicle,5,V1,0.00041000000000000005,159.7497555173898,0.0,0.0,5e-05,False,0.0,-84.05242841,9.935652984,,,,,,
vehicle,5,V2,0.00041000000000000005,147.99609124200506,0.0,0.0,5e-05,False,0.0,-84.04932439,9.935597197,,,,,,
gap,5,,,,,,,,,,,0.460933785151337,V0,V1,,,
gap,5,,,,,,,,,,,345.59543962435305,V1,V2,,,
system,5,,,,,,,,,,,,,,3.0,0.0,0.0
vehicle,6,V0,0.00047000000000000004,199.48070665600457,0.0,0.0,6e-05,False,0.0,-84.05242661,9.935656657,,,,,,
vehicle,6,V1,0.00047000000000000004,193.2131774695018,0.0,0.0,6e-05,False,0.0,-84.05242841,9.935652984,,,,,,
vehicle,6,V2,0.00047000000000000004,192.10689951404555,0.0,0.0,6e-05,False,0.0,-84.04932439,9.935597197,,,,,,
gap,6,,,,,,,,,,,0.460933785151337,V0,V1,,,
gap,6,,,,,,,,,,,345.59543962435305,V1,V2,,,
system,6,,,,,,,,,,,,,,3.0,0.0,0.0
vehicle,7,V0,0.00054,230.8972752950384,0.0,0.0,7.000000000000001e-05,False,0.0,-84.05243879,9.935724005,,,,,,
vehicle,7,V1,0.00054,223.14994453179395,0.0,0.0,7.000000000000001e-05,False,0.0,-84.05244045,9.935719143,,,,,,
vehicle,7,V2,0.00054,228.42466171805424,0.0,0.0,7.000000000000001e-05,False,0.0,-84.04932439,9.935597197,,,,,,
gap,7,,,,,,,,,,,0.5797170312057676,V0,V1,,,
gap,7,,,,,,,,,,,347.1518810343781,V1,V2,,,
system,7,,,,,,,,,,,,,,3.0,0.0,0.0
vehicle,8,V0,0.0008600000000000001,250.36182231495164,0.0,0.0,8e-05,False,0.0,-84.05238018,9.935947739,,,,,,
vehicle,8,V1,0.0008600000000000001,254.02717136034835,0.0,0.0,8e-05,False,0.0,-84.05238013,9.93594643,,,,,,
vehicle,8,V2,0.0008600000000000001,267.32828704398946,0.0,0.0,8e-05,False,0.0,-84.04959831,9.935702467,,,,,,
gap,8,,,,,,,,,,,0.1480407380952388,V0,V1,,,
gap,8,,,,,,,,,,,310.89576331662346,V1,V2,,,
system,8,,,,,,,,,,,,,,3.0,0.0,0.0
vehicle,9,V0,0.0013100000000000002,294.0958661687461,0.0,0.0,9e-05,False,0.0,-84.05230283,9.936186396,,,,,,
vehicle,9,V1,0.0013100000000000002,286.620874633797,1.0,0.0,9e-05,True,21.561601821007095,-84.05227116,9.93629305,,,,,,
vehicle,9,V2,0.0013100000000000002,306.09428563086857,0.0,0.0,9e-05,False,0.0,-84.04984913,9.935711476,,,,,,
gap,9,,,,,,,,,,,12.558467997640488,V0,V1,,,
gap,9,,,,,,,,,,,277.51474988821013,V1,V2,,,
system,9,,,,,,,,,,,,,,3.0,0.0,1.0
vehicle,10,V0,0.0014100000000000002,327.57800066203026,0.0,0.0,0.0001,False,0.0,-84.05230283,9.936186396,,,,,,
vehicle,10,V1,0.0013100000000000002,324.4441427208334,1.0,0.0,9e-05,True,35.561601821007095,-84.05227116,9.93629305,,,,,,
vehicle,10,V2,0.0014100000000000002,325.96206348838683,0.0,0.0,0.0001,False,0.0,-84.04984913,9.935711476,,,,,,
gap,10,,,,,,,,,,,12.558467997640488,V0,V1,,,
gap,10,,,,,,,,,,,277.51474988821013,V1,V2,,,
system,10,,,,,,,,,,,,,,3.0,0.0,1.0
vehicle,11,V0,0.0015700000000000002,365.2605075378841,0.0,0.0,8e-05,False,0.0,-84.05230283,9.936186396,,,,,,
vehicle,11,V1,0.0013100000000000002,339.29893880358196,1.0,0.0,9e-05,True,48.561601821007095,-84.05227116,9.93629305,,,,,,
vehicle,11,V2,0.0015700000000000002,331.7626092661983,0.0,0.0,8e-05,False,0.0,-84.04984913,9.935711476,,,,,,
gap,11,,,,,,,,,,,12.558467997640488,V0,V1,,,
gap,11,,,,,,,,,,,277.51474988821013,V1,V2,,,
system,11,,,,,,,,,,,,,,3.0,0.0,1.0
vehicle,12,V0,0.0017500000000000003,391.19160025588906,0.0,0.0,9e-05,False,0.0,-84.05230283,9.936186396,,,,,,
vehicle,12,V1,0.0013100000000000002,360.140838340122,1.0,0.0,9e-05,True,61.561601821007095,-84.05227116,9.93629305,,,,,,
vehicle,12,V2,0.0017500000000000003,372.5227316967624,0.0,0.0,9e-05,False,0.0,-84.04984913,9.935711476,,,,,,
gap,12,,,,,,,,,,,12.558467997640488,V0,V1,,,
gap,12,,,,,,,,,,,277.51474988821013,V1,V2,,,
system,12,,,,,,,,,,,,,,3.0,0.0,1.0
vehicle,13,V0,0.00205,430.834259252018,1.0,0.0,0.0001,True,26.515956574293163,-84.05224068,9.936396846,,,,,,
vehicle,13,V1,0.0013100000000000002,377.95009092716504,1.0,0.0,9e-05,True,73.56160182100709,-84.05227116,9.93629305,,,,,,
vehicle,13,V2,0.00205,413.9963459302424,0.0,0.0,0.0001,False,0.0,-84.05008935,9.935702467,,,,,,
gap,13,,,,,,,,,,,12.211330664621194,V0,V1,,,
gap,13,,,,,,,,,,,251.88199520466634,V1,V2,,,
system,13,,,,,,,,,,,,,,3.0,0.0,2.0
vehicle,14,V0,0.00205,450.8122310095945,1.0,0.0,0.0001,True,36.51595657429316,-84.05224068,9.936396846,,,,,,
vehicle,14,V1,0.0013100000000000002,407.0876524638022,1.0,0.0,9e-05,True,83.56160182100709,-84.05227116,9.93629305,,,,,,
vehicle,14,V2,0.0024500000000000004,446.05734815067706,0.0,0.0,8e-05,False,0.0,-84.0503238,9.935667851,,,,,,
gap,14,,,,,,,,,,,12.211330664621194,V0,V1,,,
gap,14,,,,,,,,,,,228.00338528199552,V1,V2,,,
system,14,,,,,,,,,,,,,,3.0,0.0,2.0
vehicle,15,V0,0.00205,481.9564295842037,1.0,0.0,0.0001,True,48.51595657429316,-84.05224068,9.936396846,,,,,,
vehicle,15,V1,0.0013100000000000002,445.27401557923986,1.0,0.0,9e-05,True,95.56160182100709,-84.05227116,9.93629305,,,,,,
vehicle,15,V2,0.00272,485.44148605860147,0.0,0.0,9e-05,False,0.0,-84.05053623,9.935628019,,,,,,
gap,15,,,,,,,,,,,12.211330664621194,V0,V1,,,
gap,15,,,,,,,,,,,207.24029440215662,V1,V2,,,
system,15,,,,,,,,,,,,,,3.0,0.0,2.0
vehicle,16,V0,0.00205,515.4552806028958,1.0,0.0,0.0001,True,61.51595657429316,-84.05224068,9.936396846,,,,,,
vehicle,16,V1,0.0013100000000000002,481.77349655730285,1.0,0.0,9e-05,True,108.56160182100709,-84.05227116,9.93629305,,,,,,
vehicle,16,V2,0.0029200000000000003,522.2264064351026,0.0,0.0,0.0001,False,0.0,-84.05053623,9.935628019,,,,,,
gap,16,,,,,,,,,,,12.211330664621194,V0,V1,,,
gap,16,,,,,,,,,,,207.24029440215662,V1,V2,,,
system,16,,,,,,,,,,,,,,3.0,0.0,2.0
vehicle,17,V0,0.00205,539.1854259506997,1.0,0.0,0.0001,True,74.51595657429317,-84.05224068,9.936396846,,,,,,
vehicle,17,V1,0.0013100000000000002,504.5997856191371,1.0,0.0,9e-05,True,121.56160182100709,-84.05227116,9.93629305,,,,,,
vehicle,17,V2,0.0030800000000000003,549.5267236937425,0.0,0.0,8e-05,False,0.0,-84.05053623,9.935628019,,,,,,
gap,17,,,,,,,,,,,12.211330664621194,V0,V1,,,
gap,17,,,,,,,,,,,207.24029440215662,V1,V2,,,
system,17,,,,,,,,,,,,,,3.0,0.0,2.0
vehicle,18,V0,0.00205,574.1786899554676,1.0,0.0,0.0001,True,88.51595657429317,-84.05224068,9.936396846,,,,,,
vehicle,18,V1,0.0013100000000000002,532.0986299091633,1.0,0.0,9e-05,True,135.5616018210071,-84.05227116,9.93629305,,,,,,
vehicle,18,V2,0.00317,603.884265918548,0.0,0.0,9e-05,False,0.0,-84.05053623,9.935628019,,,,,,
gap,18,,,,,,,,,,,12.211330664621194,V0,V1,,,
gap,18,,,,,,,,,,,207.24029440215662,V1,V2,,,
system,18,,,,,,,,,,,,,,3.0,0.0,2.0
vehicle,19,V0,0.00205,595.9857645336026,1.0,0.0,0.0001,True,99.51595657429317,-84.05224068,9.936396846,,,,,,
vehicle,19,V1,0.0013100000000000002,551.1098839101417,1.0,0.0,9e-05,True,146.5616018210071,-84.05227116,9.93629305,,,,,,
vehicle,19,V2,0.0035700000000000003,645.5690010732449,1.0,0.0,0.0001,True,33.03266196074255,-84.05075913,9.935585816,,,,,,
gap,19,,,,,,,,,,,12.211330664621194,V0,V1,,,
gap,19,,,,,,,,,,,186.33177658262042,V1,V2,,,
system,19,,,,,,,,,,,,,,3.0,0.0,3.0
vehicle,20,V0,0.00205,640.2042643470372,1.0,0.0,0.0001,True,110.51595657429317,-84.05224068,9.936396846,,,,,,
vehicle,20,V1,0.0013100000000000002,586.1668108185343,1.0,0.0,9e-05,True,157.5616018210071,-84.05227116,9.93629305,,,,,,
vehicle,20,V2,0.0035700000000000003,683.9271745329216,1.0,0.0,0.0001,True,44.03266196074255,-84.05075913,9.935585816,,,,,,
gap,20,,,,,,,,,,,12.211330664621194,V0,V1,,,
gap,20,,,,,,,,,,,186.33177658262042,V1,V2,,,
system,20,,,,,,,,,,,,,,3.0,0.0,3.0
vehicle,21,V0,0.00205,684.4677141214588,1.0,0.0,0.0001,True,124.51595657429317,-84.05224068,9.936396846,,,,,,
vehicle,21,V1,0.0013100000000000002,615.2265360583713,1.0,0.0,9e-05,True,171.5616018210071,-84.05227116,9.93629305,,,,,,
vehicle,21,V2,0.0035700000000000003,699.6975852015319,1.0,0.0,0.0001,True,58.03266196074255,-84.05075913,9.935585816,,,,,,
gap,21,,,,,,,,,,,12.211330664621194,V0,V1,,,
gap,21,,,,,,,,,,,186.33177658262042,V1,V2,,,
system,21,,,,,,,,,,,,,,3.0,0.0,3.0
vehicle,22,V0,0.00205,709.1469486382717,1.0,0.0,0.0001,True,138.51595657429317,-84.05224068,9.936396846,,,,,,
vehicle,22,V1,0.0013100000000000002,654.7554936315371,1.0,0.0,9e-05,True,185.5616018210071,-84.05227116,9.93629305,,,,,,
vehicle,22,V2,0.0035700000000000003,715.260801140749,1.0,0.0,0.0001,True,72.03266196074256,-84.05075913,9.935585816,,,,,,
gap,22,,,,,,,,,,,12.211330664621194,V0,V1,,,
gap,22,,,,,,,,,,,186.33177658262042,V1,V2,,,
system,22,,,,,,,,,,,,,,3.0,0.0,3.0
vehicle,23,V0,0.00205,739.4822618461443,1.0,0.0,0.0001,True,150.51595657429317,-84.05224068,9.936396846,,,,,,
vehicle,23,V1,0.0013100000000000002,687.2878672249577,1.0,0.0,9e-05,True,197.5616018210071,-84.05227116,9.93629305,,,,,,
vehicle,23,V2,0.0035700000000000003,742.1048794926123,1.0,0.0,0.0001,True,84.03266196074256,-84.05075913,9.935585816,,,,,,
gap,23,,,,,,,,,,,12.211330664621194,V0,V1,,,
gap,23,,,,,,,,,,,186.33177658262042,V1,V2,,,
system,23,,,,,,,,,,,,,,3.0,0.0,3.0
vehicle,24,V0,0.00205,776.7185817098252,1.0,0.0,0.0001,True,161.51595657429317,-84.05224068,9.936396846,,,,,,
vehicle,24,V1,0.0013100000000000002,723.0956646402234,1.0,0.0,9e-05,True,208.5616018210071,-84.05227116,9.93629305,,,,,,
vehicle,24,V2,0.0035700000000000003,795.3189646616196,1.0,0.0,0.0001,True,95.03266196074256,-84.05075913,9.935585816,,,,,,
gap,24,,,,,,,,,,,12.211330664621194,V0,V1,,,
gap,24,,,,,,,,,,,186.33177658262042,V1,V2,,,
system,24,,,,,,,,,,,,,,3.0,0.0,3.0
vehicle,25,V0,0.00205,812.9182593875566,1.0,0.0,0.0001,True,175.51595657429317,-84.05224068,9.936396846,,,,,,
vehicle,25,V1,0.0013100000000000002,747.0016300537927,1.0,0.0,9e-05,True,222.5616018210071,-84.05227116,9.93629305,,,,,,
vehicle,25,V2,0.0035700000000000003,819.7009887382793,1.0,0.0,0.0001,True,109.03266196074256,-84.05075913,9.935585816,,,,,,
gap,25,,,,,,,,,,,12.211330664621194,V0,V1,,,
gap,25,,,,,,,,,,,186.33177658262042,V1,V2,,,
system,25,,,,,,,,,,,,,,3.0,0.0,3.0
vehicle,26,V0,0.00205,834.6024483751365,1.0,0.0,0.0001,True,189.51595657429317,-84.05224068,9.936396846,,,,,,
vehicle,26,V1,0.0013100000000000002,786.5243656519509,1.0,0.0,9e-05,True,236.5616018210071,-84.05227116,9.93629305,,,,,,
vehicle,26,V2,0.0035700000000000003,844.0326603901423,1.0,0.0,0.0001,True,123.03266196074256,-84.05075913,9.935585816,,,,,,
gap,26,,,,,,,,,,,12.211330664621194,V0,V1,,,
gap,26,,,,,,,,,,,186.33177658262042,V1,V2,,,
system,26,,,,,,,,,,,,,,3.0,0.0,3.0
vehicle,27,V0,0.00205,863.8998406381305,1.0,0.0,0.0001,True,203.51595657429317,-84.05224068,9.936396846,,,,,,
vehicle,27,V1,0.0013100000000000002,824.0173918448477,1.0,0.0,9e-05,True,250.5616018210071,-84.05227116,9.93629305,,,,,,
vehicle,27,V2,0.0035700000000000003,866.7980304836282,1.0,0.0,0.0001,True,137.03266196074256,-84.05075913,9.935585816,,,,,,
gap,27,,,,,,,,,,,12.211330664621194,V0,V1,,,
gap,27,,,,,,,,,,,186.33177658262042,V1,V2,,,
system,27,,,,,,,,,,,,,,3.0,0.0,3.0
vehicle,28,V0,0.00205,890.9632610019534,1.0,0.0,0.0001,True,216.51595657429317,-84.05224068,9.936396846,,,,,,
vehicle,28,V1,0.0013100000000000002,835.6045291888086,1.0,0.0,9e-05,True,263.5616018210071,-84.05227116,9.93629305,,,,,,
vehicle,28,V2,0.0035700000000000003,885.973244293241,1.0,0.0,0.0001,True,150.03266196074256,-84.05075913,9.935585816,,,,,,
gap,28,,,,,,,,,,,12.211330664621194,V0,V1,,,
gap,28,,,,,,,,,,,186.33177658262042,V1,V2,,,
system,28,,,,,,,,,,,,,,3.0,0.0,3.0
vehicle,29,V0,0.00205,915.2858968800349,1.0,0.0,0.0001,True,229.51595657429317,-84.05224068,9.936396846,,,,,,
vehicle,29,V1,0.0013100000000000002,869.7621390739753,1.0,0.0,9e-05,True,276.5616018210071,-84.05227116,9.93629305,,,,,,
vehicle,29,V2,0.0035700000000000003,927.908177017674,1.0,0.0,0.0001,True,163.03266196074256,-84.05075913,9.935585816,,,,,,
gap,29,,,,,,,,,,,12.211330664621194,V0,V1,,,
gap,29,,,,,,,,,,,186.33177658262042,V1,V2,,,
system,29,,,,,,,,,,,,,,3.0,0.0,3.0
vehicle,30,V0,0.00205,945.1012287483978,1.0,0.0,0.0001,True,243.51595657429317,-84.05224068,9.936396846,,,,,,
vehicle,30,V1,0.0013100000000000002,902.3757818659733,1.0,0.0,9e-05,True,290.5616018210071,-84.05227116,9.93629305,,,,,,
vehicle,30,V2,0.0035700000000000003,959.5878707031463,1.0,0.0,0.0001,True,177.03266196074256,-84.05075913,9.935585816,,,,,,
gap,30,,,,,,,,,,,12.211330664621194,V0,V1,,,
gap,30,,,,,,,,,,,186.33177658262042,V1,V2,,,
system,30,,,,,,,,,,,,,,3.0,0.0,3.0
vehicle,31,V0,0.00205,985.9486398829339,1.0,0.0,0.0001,True,255.51595657429317,-84.05224068,9.936396846,,,,,,
vehicle,31,V1,0.0013100000000000002,941.3093338533554,1.0,0.0,9e-05,True,302.5616018210071,-84.05227116,9.93629305,,,,,,
vehicle,31,V2,0.0035700000000000003,992.3248038572218,1.0,0.0,0.0001,True,189.03266196074256,-84.05075913,9.935585816,,,,,,
gap,31,,,,,,,,,,,12.211330664621194,V0,V1,,,
gap,31,,,,,,,,,,,186.33177658262042,V1,V2,,,
system,31,,,,,,,,,,,,,,3.0,0.0,3.0
vehicle,32,V0,0.00205,1005.8391968484808,1.0,0.0,0.0001,True,266.51595657429317,-84.05224068,9.936396846,,,,,,
vehicle,32,V1,0.0013100000000000002,980.3431869968014,1.0,0.0,9e-05,True,313.5616018210071,-84.05227116,9.93629305,,,,,,
vehicle,32,V2,0.0035700000000000003,1026.1352751367792,1.0,0.0,0.0001,True,200.03266196074256,-84.05075913,9.935585816,,,,,,
gap,32,,,,,,,,,,,12.211330664621194,V0,V1,,,
gap,32,,,,,,,,,,,186.33177658262042,V1,V2,,,
system,32,,,,,,,,,,,,,,3.0,0.0,3.0
vehicle,33,V0,0.00205,1048.108612345623,1.0,0.0,0.0001,True,276.51595657429317,-84.05224068,9.936396846,,,,,,
vehicle,33,V1,0.0013100000000000002,1010.0441210699893,1.0,0.0,9e-05,True,323.5616018210071,-84.05227116,9.93629305,,,,,,
vehicle,33,V2,0.0035700000000000003,1075.6662843816177,1.0,0.0,0.0001,True,210.03266196074256,-84.05075913,9.935585816,,,,,,
gap,33,,,,,,,,,,,12.211330664621194,V0,V1,,,
gap,33,,,,,,,,,,,186.33177658262042,V1,V2,,,
system,33,,,,,,,,,,,,,,3.0,0.0,3.0
vehicle,34,V0,0.00205,1074.5198489424047,1.0,0.0,0.0001,True,287.51595657429317,-84.05224068,9.936396846,,,,,,
vehicle,34,V1,0.0013100000000000002,1055.9747252126197,1.0,0.0,9e-05,True,334.5616018210071,-84.05227116,9.93629305,,,,,,
vehicle,34,V2,0.0035700000000000003,1106.81747410769,1.0,0.0,0.0001,True,221.03266196074256,-84.05075913,9.935585816,,,,,,
gap,34,,,,,,,,,,,12.211330664621194,V0,V1,,,
gap,34,,,,,,,,,,,186.33177658262042,V1,V2,,,
system,34,,,,,,,,,,,,,,3.0,0.0,3.0
vehicle,35,V0,0.00205,1099.3571588499497,1.0,0.0,0.0001,True,299.51595657429317,-84.05224068,9.936396846,,,,,,
vehicle,35,V1,0.0013100000000000002,1074.6902464846958,1.0,0.0,9e-05,True,346.5616018210071,-84.05227116,9.93629305,,,,,,
vehicle,35,V2,0.0035700000000000003,1135.3071685923017,1.0,0.0,0.0001,True,233.03266196074256,-84.05075913,9.935585816,,,,,,
gap,35,,,,,,,,,,,12.211330664621194,V0,V1,,,
gap,35,,,,,,,,,,,186.33177658262042,V1,V2,,,
system,35,,,,,,,,,,,,,,3.0,0.0,3.0
vehicle,36,V0,0.00205,1143.5903691116214,1.0,0.0,0.0001,True,310.51595657429317,-84.05224068,9.936396846,,,,,,
vehicle,36,V1,0.0013100000000000002,1112.853991450843,1.0,0.0,9e-05,True,357.5616018210071,-84.05227116,9.93629305,,,,,,
vehicle,36,V2,0.0035700000000000003,1172.1960072349616,1.0,0.0,0.0001,True,244.03266196074256,-84.05075913,9.935585816,,,,,,
gap,36,,,,,,,,,,,12.211330664621194,V0,V1,,,
gap,36,,,,,,,,,,,186.33177658262042,V1,V2,,,
system,36,,,,,,,,,,,,,,3.0,0.0,3.0
vehicle,37,V0,0.00205,1149.8316433807095,1.0,0.0,0.0001,True,324.51595657429317,-84.05224068,9.936396846,,,,,,
vehicle,37,V1,0.0013100000000000002,1149.9636334965435,1.0,0.0,9e-05,True,371.5616018210071,-84.05227116,9.93629305,,,,,,
vehicle,37,V2,0.0035700000000000003,1207.7545313441601,1.0,0.0,0.0001,True,258.03266196074253,-84.05075913,9.935585816,,,,,,
gap,37,,,,,,,,,,,12.211330664621194,V0,V1,,,
gap,37,,,,,,,,,,,186.33177658262042,V1,V2,,,
system,37,,,,,,,,,,,,,,3.0,0.0,3.0
vehicle,38,V0,0.00205,1174.3323805366563,1.0,0.0,0.0001,True,336.51595657429317,-84.05224068,9.936396846,,,,,,
vehicle,38,V1,0.0013100000000000002,1173.6897898347395,1.0,0.0,9e-05,True,383.5616018210071,-84.05227116,9.93629305,,,,,,
vehicle,38,V2,0.0035700000000000003,1237.7314268260243,1.0,0.0,0.0001,True,270.03266196074253,-84.05075913,9.935585816,,,,,,
gap,38,,,,,,,,,,,12.211330664621194,V0,V1,,,
gap,38,,,,,,,,,,,186.33177658262042,V1,V2,,,
system,38,,,,,,,,,,,,,,3.0,0.0,3.0
vehicle,39,V0,0.00205,1221.5811431681436,1.0,0.0,0.0001,True,348.51595657429317,-84.05224068,9.936396846,,,,,,
vehicle,39,V1,0.0013100000000000002,1193.1387828405163,1.0,0.0,9e-05,True,395.5616018210071,-84.05227116,9.93629305,,,,,,
vehicle,39,V2,0.0035700000000000003,1263.4533764786615,1.0,0.0,0.0001,True,282.03266196074253,-84.05075913,9.935585816,,,,,,
gap,39,,,,,,,,,,,12.211330664621194,V0,V1,,,
gap,39,,,,,,,,,,,186.33177658262042,V1,V2,,,
system,39,,,,,,,,,,,,,,3.0,0.0,3.0
vehicle,40,V0,0.00205,1265.1989906716494,1.0,0.0,0.0001,True,358.51595657429317,-84.05224068,9.936396846,,,,,,
vehicle,40,V1,0.0013100000000000002,1218.6772748462388,1.0,0.0,9e-05,True,405.5616018210071,-84.05227116,9.93629305,,,,,,
vehicle,40,V2,0.0035700000000000003,1289.8108617200521,1.0,0.0,0.0001,True,292.03266196074253,-84.05075913,9.935585816,,,,,,
gap,40,,,,,,,,,,,12.211330664621194,V0,V1,,,
gap,40,,,,,,,,,,,186.33177658262042,V1,V2,,,
system,40,,,,,,,,,,,,,,3.0,0.0,3.0
vehicle,41,V0,0.00205,1296.1767541445363,1.0,0.0,0.0001,True,369.51595657429317,-84.05224068,9.936396846,,,,,,
vehicle,41,V1,0.0013100000000000002,1236.2643810798818,1.0,0.0,9e-05,True,416.5616018210071,-84.05227116,9.93629305,,,,,,
vehicle,41,V2,0.0035700000000000003,1322.0103160215522,1.0,0.0,0.0001,True,303.03266196074253,-84.05075913,9.935585816,,,,,,
gap,41,,,,,,,,,,,12.211330664621194,V0,V1,,,
gap,41,,,,,,,,,,,186.33177658262042,V1,V2,,,
system,41,,,,,,,,,,,,,,3.0,0.0,3.0
vehicle,42,V0,0.00205,1314.0805781748,1.0,0.0,0.0001,True,382.51595657429317,-84.05224068,9.936396846,,,,,,
vehicle,42,V1,0.0013100000000000002,1275.1163641834632,1.0,0.0,9e-05,True,429.5616018210071,-84.05227116,9.93629305,,,,,,
vehicle,42,V2,0.0035700000000000003,1352.042124249132,1.0,0.0,0.0001,True,316.03266196074253,-84.05075913,9.935585816,,,,,,
gap,42,,,,,,,,,,,12.211330664621194,V0,V1,,,
gap,42,,,,,,,,,,,186.33177658262042,V1,V2,,,
system,42,,,,,,,,,,,,,,3.0,0.0,3.0
vehicle,43,V0,0.00205,1366.9148928432774,1.0,0.0,0.0001,True,392.51595657429317,-84.05224068,9.936396846,,,,,,
vehicle,43,V1,0.0013100000000000002,1307.9247693187735,1.0,0.0,9e-05,True,439.5616018210071,-84.05227116,9.93629305,,,,,,
vehicle,43,V2,0.0035700000000000003,1395.6990191534596,1.0,0.0,0.0001,True,326.03266196074253,-84.05075913,9.935585816,,,,,,
gap,43,,,,,,,,,,,12.211330664621194,V0,V1,,,
gap,43,,,,,,,,,,,186.33177658262042,V1,V2,,,
system,43,,,,,,,,,,,,,,3.0,0.0,3.0
vehicle,44,V0,0.00205,1383.8822531261037,1.0,0.0,0.0001,True,402.51595657429317,-84.05224068,9.936396846,,,,,,
vehicle,44,V1,0.0013100000000000002,1336.7033758835548,1.0,0.0,9e-05,True,449.5616018210071,-84.05227116,9.93629305,,,,,,
vehicle,44,V2,0.0035700000000000003,1428.9304756936006,1.0,0.0,0.0001,True,336.03266196074253,-84.05075913,9.935585816,,,,,,
gap,44,,,,,,,,,,,12.211330664621194,V0,V1,,,
gap,44,,,,,,,,,,,186.33177658262042,V1,V2,,,
system,44,,,,,,,,,,,,,,3.0,0.0,3.0
vehicle,45,V0,0.00205,1431.3394623098143,1.0,0.0,0.0001,True,412.51595657429317,-84.05224068,9.936396846,,,,,,
vehicle,45,V1,0.0013100000000000002,1349.8942165033452,1.0,0.0,9e-05,True,459.5616018210071,-84.05227116,9.93629305,,,,,,
vehicle,45,V2,0.0035700000000000003,1468.836672491689,1.0,0.0,0.0001,True,346.03266196074253,-84.05075913,9.935585816,,,,,,
gap,45,,,,,,,,,,,12.211330664621194,V0,V1,,,
gap,45,,,,,,,,,,,186.33177658262042,V1,V2,,,
system,45,,,,,,,,,,,,,,3.0,0.0,3.0
vehicle,46,V0,0.00205,1467.2530024479734,1.0,0.0,0.0001,True,424.51595657429317,-84.05224068,9.936396846,,,,,,
vehicle,46,V1,0.0013100000000000002,1395.2296784607265,1.0,0.0,9e-05,True,471.5616018210071,-84.05227116,9.93629305,,,,,,
vehicle,46,V2,0.0035700000000000003,1505.960527672476,1.0,0.0,0.0001,True,358.03266196074253,-84.05075913,9.935585816,,,,,,
gap,46,,,,,,,,,,,12.211330664621194,V0,V1,,,
gap,46,,,,,,,,,,,186.33177658262042,V1,V2,,,
system,46,,,,,,,,,,,,,,3.0,0.0,3.0
vehicle,47,V0,0.00205,1497.773714299013,1.0,0.0,0.0001,True,438.51595657429317,-84.05224068,9.936396846,,,,,,
vehicle,47,V1,0.0013100000000000002,1420.013181956545,1.0,0.0,9e-05,True,485.5616018210071,-84.05227116,9.93629305,,,,,,
vehicle,47,V2,0.0035700000000000003,1523.4787304940487,1.0,0.0,0.0001,True,372.03266196074253,-84.05075913,9.935585816,,,,,,
gap,47,,,,,,,,,,,12.211330664621194,V0,V1,,,
gap,47,,,,,,,,,,,186.33177658262042,V1,V2,,,
system,47,,,,,,,,,,,,,,3.0,0.0,3.0
vehicle,48,V0,0.00205,1529.7279419480426,1.0,0.0,0.0001,True,449.51595657429317,-84.05224068,9.936396846,,,,,,
vehicle,48,V1,0.0013100000000000002,1448.096214266592,1.0,0.0,9e-05,True,496.5616018210071,-84.05227116,9.93629305,,,,,,
vehicle,48,V2,0.0035700000000000003,1573.681403874845,1.0,0.0,0.0001,True,383.03266196074253,-84.05075913,9.935585816,,,,,,
gap,48,,,,,,,,,,,12.211330664621194,V0,V1,,,
gap,48,,,,,,,,,,,186.33177658262042,V1,V2,,,
system,48,,,,,,,,,,,,,,3.0,0.0,3.0
vehicle,49,V0,0.00205,1553.617693668194,1.0,0.0,0.0001,True,459.51595657429317,-84.05224068,9.936396846,,,,,,
vehicle,49,V1,0.0013100000000000002,1481.300132718643,1.0,0.0,9e-05,True,506.5616018210071,-84.05227116,9.93629305,,,,,,
vehicle,49,V2,0.0035700000000000003,1587.9913896780877,1.0,0.0,0.0001,True,393.03266196074253,-84.05075913,9.935585816,,,,,,
gap,49,,,,,,,,,,,12.211330664621194,V0,V1,,,
gap,49,,,,,,,,,,,186.33177658262042,V1,V2,,,
system,49,,,,,,,,,,,,,,3.0,0.0,3.0
vehicle,50,V0,0.00205,1579.6630678849324,1.0,0.0,0.0001,True,470.51595657429317,-84.05224068,9.936396846,,,,,,
vehicle,50,V1,0.0013100000000000002,1513.911611519554,1.0,0.0,9e-05,True,517.5616018210071,-84.05227116,9.93629305,,,,,,
vehicle,50,V2,0.0035700000000000003,1626.2309898032827,1.0,0.0,0.0001,True,404.03266196074253,-84.05075913,9.935585816,,,,,,
gap,50,,,,,,,,,,,12.211330664621194,V0,V1,,,
gap,50,,,,,,,,,,,186.33177658262042,V1,V2,,,
system,50,,,,,,,,,,,,,,3.0,0.0,3.0
